q1_z_0,q1_z_7,q1_z_10,q1_z_1,q1_z_11,q1_z_3,q1_z_2,q1_z_5,q1_z_8,q1_z_4,q1_z_6,q1_z_12,q1_z_9,q2_z_3_4,q2_z_0_2,q2_z_0_1,q2_z_1_2,q2_z_7_8,q2_z_5_6,q2_z_9_10,q2_z_11_12,y,split,set
-0.008750984225403248,-0.519176100866074,-0.32434439629322437,1.1569283091919376,2.034644354407037,1.466285441054264,0.2039160353226539,0.36213193731597415,-0.18086390650597786,1.6548049221583034,0.7847787826432457,-2.249971189563306,-0.8932912412868377,1.5097840614908071,0.1125741639492322,-0.24027081121435528,0.09536188502175931,0.10612060214024203,0.01632712595068494,0.34472294395785474,-5.670520604501552,1,7,train
1.7381954952858107,-0.5808217789235043,1.6096129524277594,1.8020400213110788,-0.2567144936353774,-0.05239125408619779,1.6197277563227348,0.23160026754067564,0.21210861509547566,0.4489203096564467,-0.8199676687404354,0.4502508132336197,-0.5332538101999494,-0.20502955613551746,1.2569927910901126,1.7145510577847014,1.0235871846716584,0.10899553243354106,-0.09997650038000881,-0.6669721731750983,-0.04146587813119747,1,7,train
1.3956569698914552,-1.9746990549998418,-0.2591152058623434,1.0740929531610752,-1.4501992461409228,0.41414310341839133,0.2672056321223264,-0.06627969681833892,-2.1706467232001665,1.5426753578636774,-0.846519833396215,-2.42394999053247,-0.35621883027324747,0.7227506758465644,0.34739591055596947,0.8486568070871328,0.3936281862943031,-0.566613086491729,0.013622390454622295,-0.3124805770143392,0.7012427928755738,1,7,train
2.0084203319858025,-1.3513927546413813,0.2873996328828753,1.827141644350734,0.14386118987131813,-0.6379992342174812,1.4157946110793456,0.26506992645741884,-2.377676149214591,-0.08418691707765312,-0.6689522322606888,-2.178959434065688,0.1450487533394368,-0.029814094368003554,1.167922473411695,1.8282543432298368,1.123866372168462,-1.2105974721907098,-0.1892327717500761,-0.6789213281018655,-1.968924305837778,1,7,train
0.10733151604712841,-0.7948692721784701,0.9414544882844114,-0.13078495274237922,-0.9292860116219278,0.7655078914971615,-0.19691807774193854,-0.5080791945193494,0.09134144992039482,0.4961327577804998,-1.2182501385771298,0.33308141666255,-1.448266066000881,0.2861482137373494,-0.2760963131929536,-0.8350264581581399,-0.2800422527867872,0.235492465338698,0.473427424785272,-0.9895993561978117,0.19349289714708404,1,7,train
-0.9678588553295993,1.5733521931944723,2.436437014916493,-1.6795550942891113,0.27738641770688327,0.08620263454487262,-1.5869451481940047,-1.754823989168034,0.6300013453838507,-0.599589475765233,-2.472839918562717,0.37391317607368035,2.651386671402858,-0.04992078670198056,0.5768194560912875,0.7568195380737542,0.5581889042377756,0.9197258751438652,-0.1351380618288232,3.7064185300216828,-0.1310688009068133,1,7,train
-0.8689032813267854,-0.14416489268337382,-2.082006635741557,-0.9340368900113487,1.784078494764989,-0.4115641485667183,-1.4978709008463174,-0.4662421208734203,-0.014090202216580515,-0.9025360178945739,0.4512172141550142,-1.7475630194176583,-0.6068526220795896,0.3148720599287451,0.39867882073445227,0.3063795995795644,0.2984915212332331,-0.2043718695360523,-0.30283166258470723,0.8346382959553084,-4.234882664030018,1,7,train
0.13777938497107114,0.12467875884486333,0.6382269003354513,0.18047517294934648,2.351148598165414,0.15452356556018904,-0.1008116529720655,-0.2152196789978462,0.18335452814902783,0.7617027784782987,-0.1196543259442478,1.3982577491268204,0.08338488392676531,0.11954990582725421,-0.28959181587150173,-0.6513519201313829,-0.24661585695451935,-0.3538682447876014,-0.5300294442539695,-0.2646839573072705,0.8904045187352072,1,7,train
-0.6253203299352436,-0.05512113548930801,0.4160950626519107,-0.9440775392272108,-0.94577060765101,0.3360620394008869,-2.0018436161029687,-1.8619268977016121,0.3309588411407933,0.6200654341061393,-1.8671186623527445,0.08454027242088687,-0.16525975080174868,0.08220890577843977,0.4229707255558389,0.5600253901879431,0.4296258433444377,-0.21587159070924838,1.9502130056354765,-0.4359551779242665,0.2651752353675767,1,7,train
-0.722372912130311,-0.5243132407041933,-1.2322642090473779,-0.8411608847646241,0.27573795810397506,0.39462283741401527,-0.9587372984787369,-0.07297362860168757,0.22552718900381796,-0.6959815573518415,0.179057526433273,0.3614861188615972,-1.4104720815221468,-0.006835017414886975,0.045096650556491605,-0.06971588304665234,0.03365161579295715,0.06299664774075671,-0.662561483561039,1.766672380243147,-0.14301585727689542,1,7,train
1.1406560676534347,-2.130525630089457,0.17809666513383157,-0.032888622887723554,0.9120433648265449,0.9685186579426731,-0.705578911280047,0.44580608460783216,-2.6824694708469377,0.9112088642044669,-0.7652038291378899,0.6632860797264739,-0.4875031974099029,0.6854096757977499,-0.21131790033592263,0.13582467141186144,0.28563521514389933,1.721831426974292,-0.16218541678944967,-0.2965483704453163,0.37867227088335675,1,7,train
1.2243877071942773,0.5544861253008347,-0.5182690164931406,1.111745387720558,-0.26990217045864306,-1.8326395136852995,0.8696288312895794,0.2533555458365587,0.4153041628503736,0.5000671284575042,-0.6523571293508265,0.32242965333790724,0.24251745015301426,-0.4118412487135667,0.544430249662772,0.8180443840826732,0.46048097795883874,-0.026126191351512954,-0.19734697823826405,-0.20095513103117899,-0.06934234299472239,1,7,train
-1.468345700766908,1.181217185551375,0.24685175775016555,-0.4621263768658292,-2.378282002578246,-1.6862375186524785,-0.6047843682287167,2.792029174671531,0.22936106726334435,-2.9484087699368757,1.6278100104642488,-2.5872770281769917,3.6638676240173673,-0.900146633967294,0.22053818537761713,0.24078155028429402,0.3216328721940339,0.4309877252830315,0.5518647541710887,-3.74587109263877,2.140863085470468,1,7,train
2.6306986531188823,2.143574715225702,2.697353776640017,2.781003319857635,0.24112030644290264,-1.3407288103750215,1.9689925682912979,-1.8753147612683094,0.848532406176854,1.290875634535394,-1.848864049151896,0.22833907730356337,2.86024816457481,-0.8829123262524565,0.8575259118050883,1.8938523925251072,1.8181069009924864,1.1353456471412917,-1.2711269701751342,3.0810794221875346,-0.20673349125066667,1,7,train
1.6335309458597578,0.44489380875429224,-0.10044960751695732,2.2312777752891844,0.874128793959656,0.1838039645667532,1.4415792616273604,0.7369921171834981,0.34437741504913566,0.7361293690777699,1.139913984914298,0.47510492765778606,0.07144994145979663,0.11380513658897506,1.2650900926972415,1.8282543432298368,1.0724411478111269,-0.17274763630976306,0.5789121091317152,-0.6749382764596097,0.26915758749093743,1,7,train
-0.22378905850074876,0.910661154077098,-0.9519549853038626,-0.12576462813444816,0.23947184683999442,0.06473034194005889,-0.6774502015913036,-0.4980382968443264,0.42297191936942635,0.09482694872604831,-0.04331685255888136,0.21946260786636113,-0.03198622658726519,-0.38311740252217097,-0.273397212657244,-0.6251127004132747,-0.2620434242617199,0.30161586208457547,-0.38667846296264924,0.2531127561859731,-0.20673349125066667,1,7,train
0.6611021321013368,-0.6150693778442988,2.2143051772329527,-0.6679596857910025,-0.2880352260906334,1.1832415839908104,-0.48054923377010045,-0.03448352084743288,0.03191633689773599,-0.24746330017333684,-0.2640317212600495,0.13779908904410038,-0.16923806495740493,0.20572144440144138,-0.038575466050506727,-0.5507682445453017,0.010510264832156333,0.1434946959531293,-0.42995423089965157,-3.024938745390485,-0.09920998391992768,1,7,train
-0.21998307488525592,-1.1630309605770115,-0.3454998094059425,0.097639816918484,0.28727717532433256,0.7947882905037257,0.9704233743409096,0.4692348458495524,0.08175675427157887,-0.09008847309315976,0.22054528370792864,0.4502508132336197,-1.4343419664560841,0.01327167491909003,-0.14653948747889167,0.10521224840740195,0.10821819111109308,0.36198939824385495,-0.35151690151383486,0.8067569344595183,-0.10518351210496873,1,7,train
-0.1819232387303275,-0.3804733252368562,1.1530086194115927,0.609712926927452,-0.26660525125282664,-0.27882633973696075,0.06327248687893725,2.668191436679581,0.16801901511092232,-0.25533204152734573,2.231871756383235,0.3792390577360017,-0.15133565125695192,-0.2337534023269132,-0.12224758265750506,-0.5245290248271935,-0.07948387779318015,-0.052000563991204146,1.7906336113677803,0.07785848392672144,-0.05739528662464028,1,7,train
-0.7242759039380574,-0.03114781624475183,-1.1846645295437621,0.1905158221652086,2.2588348604025543,-0.5794384362043529,0.39378482572167134,-0.827714437174247,0.07025511949299976,0.8482589333723961,-0.8963051421258019,0.8319389990333167,0.04161258529237496,0.0678469826827419,-0.24640620730014773,-0.23589760792800393,0.12107449720042687,-0.3078693600948171,0.49777004424983584,0.42438397680296913,0.32291934115630694,1,7,train
1.4774856176245512,-0.6921264754160865,1.6413460720968365,1.1669689584077998,-0.2583629532382856,0.33996609260176214,1.3220322454502011,-0.02109565728073559,0.185271467278791,0.39974067619389136,-0.8481793436872012,0.4342731682466557,-0.7480827746053855,-0.11311324832305115,0.8413313085908306,1.0760633779774034,0.7356059282705818,0.1693690685928205,-0.0026060225217535786,-1.2803621260824793,-0.04544823025455817,1,7,train
0.01598790927530022,-2.1271008701973777,-0.3754699779822932,0.03739592162331128,-2.4112511946364106,0.9997510835496749,-0.4547645832220857,-0.34407786582730754,-2.6402968099921478,0.828587079987374,-0.9261763273635539,-2.565973501527706,-0.41987185676374705,0.6394515218915168,-0.25450350890727663,-0.786921222008275,-0.2774709915689204,1.5435857487897529,0.20836334617113275,-0.12129409818606458,2.089092507866779,1,7,train
-0.6747981169366505,0.3609871913983456,-0.3049519342732327,-1.8151038587032498,-0.26660525125282664,-0.09728786589626287,-1.969026788132768,-0.5315079557610696,0.24086270204192348,-1.372693313796603,0.7117603298398517,0.3472837677620736,0.13112465379464,0.46423606012400287,0.5309347469842238,0.853030010373484,0.8127437648065845,-0.26187047540203273,-0.22709906869495314,-0.44392128120877794,-0.061377638748000986,1,7,train
0.23863795078163144,-0.4335571035640877,0.5606570522554847,1.4029242149805594,-1.366127806392604,0.3067816403943227,0.185163562196825,0.4692348458495524,-0.2364551412691103,0.47842808973397993,0.6437204079094164,-2.418624108870149,-0.25676097638184187,-0.05279317132112013,0.17735257680626315,0.07459982540294245,0.14164458694336093,0.04574706598096258,-0.029653377482380033,-0.2845992155185491,0.8406251171931984,1,7,train
1.8485690201351033,-0.413008544211611,1.6660273873950078,1.623818497729526,0.2922225541330572,0.03349791633305711,1.4931485627233898,0.2533555458365587,0.24853045856097625,0.4135109735634069,0.15914340294143828,0.4768802215452265,-0.6148092503909021,-0.19928478689723833,1.1922143782330816,1.6052209756259175,1.0158734010180583,-0.031876051938111,-0.5246199732618442,-0.9736671496287888,-0.08527175148816521,1,7,train
2.3395409065336796,0.5322251860023184,-0.29437422771687366,1.6815522307207333,-0.26825371085573485,-1.4441862201982147,1.5189332132714046,1.7494492994149802,0.3098725107133983,0.3899047495013803,0.640401387327444,0.3384072983248713,0.18284273781817093,0.1425289827803708,1.0437638487690524,1.697058244639296,1.334709792033536,-0.12387382132367969,0.6005499931002164,-0.4917179009158466,-0.06934234299472239,1,7,train
-0.3436775423887733,0.06817022062555234,-0.05813878129152104,-0.708122282654451,1.6884678377963127,-1.1884707355408877,-1.1368857931741114,-0.8913067891160591,0.2331949455228707,-0.6231956998272596,-1.4140723529135046,0.856793113457483,-0.08569346768862421,0.6308343680340981,-0.054770069264764465,-0.28837604736422023,-0.040914959525178804,-0.32224401156131216,0.9034803686592326,-0.5673958821187053,0.8167310044530341,1,7,train
0.21960803270416723,1.5425293541657572,-0.6134683755003723,0.476674324817279,-0.26660525125282664,-2.2484211795785107,0.492235309632273,-0.1348924975976625,0.7354329975208259,-0.22385707611131028,0.17739801614228676,0.3792390577360017,1.4280550685385691,-0.041303632844561844,-0.07366377301473183,-0.36709370651854467,-0.06919883292171312,0.9800994113031446,-0.6355141286004126,-0.2646839573072705,-0.05739528662464028,1,7,train
1.566926232588633,0.6315432228726225,-1.1070946814637956,1.5635746024343533,0.2823317965156079,-0.5150215583899117,1.1040347453624404,0.39727507917855454,0.3807992585146362,1.430545793569051,-0.8166486481584629,0.41474493548481073,0.5965874100064182,0.01327167491909003,0.8305349064479921,1.3690679981629443,0.8050299811529842,0.016997763047972368,-0.16759488778157494,0.030061864219652797,-0.11912174453673119,1,7,train
-0.9697618471373457,0.37297385102062375,0.5835754164609294,-0.6303072512315196,0.27738641770688327,0.33996609260176214,-1.2869055781807424,0.17804881327388652,0.2331949455228707,-0.6330316265197706,0.47445035822882137,0.38278964551088257,0.3658451889783572,-0.07002747903595757,0.2880156987703577,0.17518350098902366,0.162214676686295,-0.2589955451087337,-0.4083163469311504,-0.1810398728199004,-0.12509527272177226,1,7,train
-0.7927836090169286,0.22913393555328665,0.13049698563021575,-1.6343721728177316,0.8856680111800136,0.6015376570604021,-1.8143188848446798,-1.1624110263416791,0.1718528933704487,-1.168106038592373,-1.228207200323047,0.5088355115191546,-0.10757419554473344,0.11380513658897506,0.5309347469842238,0.7743123512191596,0.6224704346844444,-0.37399275684069455,1.0170792594938638,-0.6311247083947968,0.28508699598438025,1,7,train
1.277671477811177,-1.6287983058998172,-0.25382635258416386,0.9862372725222817,-1.4848168978019953,0.0998668207479359,0.07733684172330892,-0.046197901468293,-2.5482837317635147,1.483659797708611,-0.8514983642691738,-2.411522933320387,-0.20305373528048282,0.46136367550486335,0.15575977252058618,0.7218339117829433,0.30106278245109985,0.03999720539436454,0.010917654958559649,-0.4160399197129879,0.6335428067784418,1,7,train
0.2786007787443063,0.1863244369022935,-0.3719440757968402,0.6197535761433142,-1.6397721004753671,-2.0668827057378127,0.19688385790046806,0.4273977722036234,0.3539621106979516,-0.0015651328605601584,0.728355432749714,0.09696732963297001,-0.06580189691034309,-0.0355588636062827,-0.09795567783611844,-0.3758401130912474,-0.1180527960611815,-0.25324568452213564,0.002803448470371712,-0.39214160985945357,0.058092924952820126,1,7,train
0.012181925659807379,0.31817769274735247,2.462881281307391,-0.27637436637237994,-0.9259890924161114,0.19161207096850363,-0.7618363306575336,-0.07632059449336188,0.3654637454765307,-0.26320078288135457,0.8329045810818463,0.36681200052391855,1.5255237653521465,-0.29981824856712336,-0.28959181587150173,-0.6426055135586801,-0.20547567746865122,-0.21012173012265034,-0.1811185652618882,1.209045150327346,0.16760760834523947,1,7,train
0.7790876241816149,1.1452572066845406,0.07408255066296736,-0.281394690980311,-0.26660525125282664,-1.492986885209155,0.14297049766371,0.3571114884784627,0.40571946720155766,-0.7845048975844411,-1.1269770725728874,0.3543849433118354,1.036191124206431,0.9525414453777302,-0.01158446069341049,-0.42831855252746365,-0.01005982491077772,0.4741116796825168,-0.15407121030126172,0.018112709292885634,-0.0653599908713617,1,7,train
0.5964004106379586,-0.5876712987076631,-0.5147431143076876,1.2924770736060762,0.8856680111800136,0.8221166629098522,0.6985125140163908,-0.8009387100408524,0.2504473976907394,1.6548049221583034,-0.66397370138773,0.5248131565061187,-0.36815377274021616,1.0329682147136383,0.2394318891275845,0.3544848357294293,0.277921431490299,0.10899553243354106,0.259753320596323,-0.02968391041418301,0.295042876292782,1,7,train
0.0007639748133288552,-0.676715055901729,-0.4759581902677043,0.5595096808481415,0.897207228400371,0.5390728058463986,0.06092842773820863,-0.046197901468293,0.2830353628967136,0.5925248393671083,0.2902447159293502,0.5816225609042132,-0.8733996705085566,0.19710429054402268,-0.15733588962173017,-0.5682610576907071,-0.10776775118971448,0.15211948683302637,-0.6111715091358488,0.440316183371992,0.33287522146470866,1,7,train
-0.745208813823268,-0.7092502748764837,-0.9413772787475035,-0.5600227067204848,0.2724410388981587,0.738179519091035,-0.8087175134721059,0.1663344326530264,0.2504473976907394,-0.4382802780080516,0.5939350991798297,0.33485671054999044,-1.072315378291368,0.007526905680810886,-0.08446017515757033,-0.19216557506449036,-0.053771265614512585,0.18086878976601659,-0.2757843076240808,1.1333671691244873,-0.15297173758529717,1,7,train
0.3109516394759954,-0.010599256892275108,0.32265865473740557,-0.281394690980311,-0.26825371085573485,2.3778818634586285,0.17109920735245335,0.2500085799448844,0.317540267232451,0.6495732141836725,0.11433662508481016,0.3313061227751095,0.045590899448031186,0.7572192912762393,-0.14114128640747242,-0.6382323102723289,-0.22090324477585177,-0.2187465210025474,-0.5381436507421574,-0.6231586051102854,-0.06934234299472239,1,7,train
-0.8327464369796034,0.009949302460201617,0.25037765993561856,-0.575083680544278,-0.9276375520190197,-0.05239125408619779,-0.2344230239935963,-1.9221722837517499,0.2676998498586081,0.2954798532532741,-0.08812363041550948,0.33308141666255,-0.2647176046931543,-0.2739667869948672,-0.1843268949788264,-0.13094072905557136,-0.05120000439664583,-0.2647454056953317,-4.665570017733755,-0.41205686807073216,0.1915017210854037,1,7,train
0.21199606547318156,-0.4900656417833987,-1.3133599593127976,0.11772111535020824,1.8088053888086122,0.27945326798819614,0.9282303098077946,-0.15999474178521988,-0.16552839346787235,-0.3831990885299896,0.0014899252977467565,-1.6215171534093864,-0.9469984823881967,-0.22513624846949448,0.12606966662778032,-0.17904596520543628,0.0002252199606893065,0.0744963689139528,-0.5949430961594729,1.452011300504945,-3.9123121420378015,1,7,train
0.5811764761759872,0.6469546423869801,-0.017590906158811256,0.6900381206543491,0.8922618495916464,0.5429768590472738,0.3562798794700136,1.5837744877771012,0.3673806846062939,0.5590826886125707,0.7764812311883146,0.5549931525926064,-0.2905766467049198,0.17125282897176652,-0.019681762300539363,-0.12656752576921998,0.04136539944655741,0.016997763047972368,0.7439009743915366,-0.4877348492735909,0.31694581297126584,1,7,train
-0.9469259454443886,1.136695306954342,-0.3366850539423099,-0.91646575388359,0.2790348773097915,-1.5515476832222834,-1.2212719222403414,-0.31395517280223867,0.5935795019183501,-0.38123190319148736,0.3665821893147166,0.3898908210606444,1.1495730776426334,0.6968992142743082,0.2988121009131962,0.20142272070713182,0.22906746835083067,0.5747342399479826,-0.45429685036421535,-0.11731104654380886,-0.11912174453673119,1,7,train
0.39658627082458436,0.15550159787357842,0.05469008864297573,0.3185340996674506,0.8922618495916464,1.0368395889579896,0.2929902826703411,1.727694021119097,0.33287578027055653,0.7361293690777699,0.9175396059221438,0.5549931525926064,-0.1990754211248266,0.6107276757001211,-0.10065477837182807,-0.43706495910016635,-0.18233432650785042,-0.29061977833502295,0.9142993106434832,-0.5315484173384037,0.31694581297126584,1,7,train
-0.03539286953385314,-0.538012280272511,0.751055770269948,0.6950584452622801,0.27408949850106684,0.6347221092678416,0.588341734402146,0.2500085799448844,0.27920148463718725,1.8279172319464982,0.16246242352341073,0.3455084738746331,-0.40395860014112217,0.9180728299480553,0.004610142520847251,-0.3539740966594906,0.06450675040735823,0.057246787154158665,-0.5246199732618442,-0.14917545968185464,-0.13903350515353471,1,7,train
0.5145717629048624,-0.5226008607581535,-0.036983368178802885,1.6213083354255606,0.2790348773097915,0.2169884167741926,1.0477773259849539,-0.2821589968313326,0.27728454550742404,0.5177717965040243,-0.1462064906000274,0.38811552717320397,-0.23686940560356073,-0.08151701751251586,0.4283689266272582,0.5206665606107809,0.5916153000700434,0.04574706598096258,-0.4975726183012177,-0.5195992624116367,-0.12111292059841154,1,7,train
0.32427258213022037,-0.35478762604626024,-1.3591966877236867,0.28088166510796764,0.2823317965156079,-0.1558486639093912,0.3797204708772997,-0.44448684257753723,0.11817859773707945,0.745965295770281,-1.314501735454331,0.42007081714713207,-1.201610588350195,0.01327167491909003,-0.08715927569327996,-0.4676773821046259,-0.16176423676491636,-0.06637521545769925,0.45719901180889616,1.722858812178334,-0.11713056847505084,1,7,train
-0.9126720929049531,-0.2982790878269493,-0.5394244296058588,-1.12982954972066,-0.9292860116219278,-0.3120107919444001,-0.9821778898860231,0.8524624404462622,0.21402555422523883,-0.9241750566180983,1.2892699111030586,0.3171037716755859,-0.6665273344144329,0.27465867526079113,0.250228291270423,0.2232887371388886,0.19564107251856283,-0.07500000633759632,0.7547199163757872,0.31285853081980897,0.1994664253321251,1,7,train
0.5602435662907765,0.8404535762894692,0.03177172443753108,0.15537354990969118,0.27079257929525047,-0.8761464794708698,0.23907692243358306,0.30523351715751074,0.3923008932932153,-0.4835255407936025,-1.307863694290386,0.32065435945046683,0.912863385381088,0.3349787522627221,-0.1033538789075377,-0.39770612952300416,-0.15147919189344936,0.235492465338698,-0.18652803625401346,-0.17307376953538894,-0.15496291364697753,1,7,train
1.418492871584412,0.616131803358265,2.256616003458389,0.5293877332005551,0.27573795810397506,-1.0733011661150686,-0.05158641101676468,0.7135633559417778,0.3520451715681884,0.47252653371847325,-1.000854290457934,0.368587294411359,1.4956864091847248,0.1597632904952082,0.16385707412771505,0.4506953080291592,0.3447742231548347,-0.023251261058213932,-0.411021082427213,1.910062239364353,-0.135051153030174,1,7,train
-0.8765152485577711,2.1624108946321385,1.0066836787152922,-0.35920972240324245,0.24112030644290264,-1.1787106025386995,-0.5625913036956018,1.6356524590980532,0.9769673278709876,0.057450427294506244,2.2849760856947943,0.23721554674076561,2.3689263663512663,0.329233983024443,-0.09525657730040882,-0.20528518492354442,-0.04605748196091231,1.284842022392841,1.7825194048795925,1.6471808309754754,-0.2047423151889863,1,7,train
0.4555790168647234,2.6007801608183088,0.8004184008662903,0.7427515290376252,0.8856680111800136,-0.9327552508835606,0.3187749332183558,2.3334948475121493,1.584637032005918,0.433182826948429,2.140598690378993,0.5425660953805233,2.6096143727684677,0.12529467506553335,0.007309243056556875,-0.1659263553463822,-0.022916131000111504,0.9484751780768553,2.2206865552417407,0.9142993288004228,0.3030075805395034,1,7,train
1.3956569698914552,-1.0054920055413565,0.3191327525519525,-0.18098819882168982,-2.3271797548880917,0.0998668207479359,0.7852427022233494,0.045843660552750826,-2.684386409976701,-0.49532865282461574,0.11931515595776883,-2.5712993831900275,-0.029997069509437074,-0.14758186375272603,0.5768194560912875,0.09646584183469924,0.27277890905456553,0.8593523389845856,-0.6490378060807258,-0.5912941919722396,2.196616015197518,1,7,train
-0.10770655822821712,-2.099702791060742,-0.21151552635872758,0.22063776981279495,1.7741877371475399,0.5273606462437729,0.8157154710528214,-2.0008259822060963,-2.755313157777939,0.39383912017838474,-2.0861740207629262,-1.7546641949674202,-1.4084829244443187,0.02188882877650875,-0.08446017515757033,-0.1484335422009768,0.028509093357223632,2.112821946862959,2.1692965808165505,0.6354857138425223,-4.286653241633707,1,7,train
0.7410277880266865,-1.2520747177710772,-0.3648922714259341,0.5770808169759002,0.376293993881376,1.8293623887356598,0.6633516269054617,-1.1021656402915412,-0.38597639339063894,1.9439811669181288,-1.8654591520617583,-2.1061723846806295,-0.9211394403764313,1.9837275236488368,0.09637956073497445,0.07022662211659109,0.077363056496692,0.6782317305067473,1.1360876213206201,0.38853651202266765,-1.1405950641787517,1,7,train
1.7324865198625716,-0.40273426453537264,1.6519237786531957,1.7242249898881472,-0.2567144936353774,-0.11095205209932614,1.5400297455379621,0.26506992645741884,0.22361024987405478,0.39187193483988253,0.13425074857664487,0.4484755193461793,-0.48153572617641854,-0.1906676330398196,1.189515277697372,1.6795654314938906,1.0055883561465913,-0.029001121644811976,-0.5192105022697189,-0.6590060698905869,-0.04345705419287782,1,7,train
-0.8479703714415747,-0.09108111435614227,0.26800717086288367,-0.5926548166720367,-0.9276375520190197,-0.02311085507963362,-0.36803439501512714,-1.9221722837517499,0.2044408585764229,0.3367907453618205,-0.08812363041550948,0.33308141666255,-0.4139043855302627,-0.2624772485183089,-0.1276457837289243,-0.1353139323419227,-0.05120000439664583,-0.22449638158914545,-4.665570017733755,-0.32841278358336207,0.1915017210854037,1,7,train
0.9503568868787928,-0.6339055572507357,-0.6293349353349109,1.5736152516502155,1.7098978126341196,0.7655078914971615,1.0079283205925673,-0.15832125883938275,0.24086270204192348,1.835785973300507,-0.1694396346738346,0.9224789872927796,-0.33632725949496634,1.0186062916179404,0.5309347469842238,0.8967620432369976,0.6070428673772439,0.13199497477993322,-0.5083915602854683,0.1256551036337901,0.8724839341800841,1,7,train
-0.01255696784089609,-1.1698804803611704,0.2556665132137981,-0.2537829056366902,-0.2567144936353774,0.8845815141238558,-1.047811545826424,-1.5740878310176205,0.05108572819536787,0.783341817201823,-1.8621401314797856,0.4502508132336197,-1.909750508057003,0.5417904448407713,-0.18972509605024565,-0.38895972295030146,-0.1360516245862488,0.3792389800036491,1.671625249541024,-0.36426024836366355,-0.04146587813119747,1,7,train
0.21960803270416723,0.05275880111119479,-0.9678215451384011,0.097639816918484,1.658795564943965,-1.2919281453640812,-0.5485269488512301,2.289984290920383,-2.185982236238272,-1.6362961491558996,2.4741602588672245,0.6792637247134379,1.0162995534281498,-4.240729946026617,-0.28959181587150173,-0.5813806675497611,-0.24661585695451935,-4.660513824149536,2.2450291747063047,-0.20892123431569043,0.7012427928755738,1,7,train
-0.9526349208676279,0.8318916765592705,-0.07929419440423918,-0.6679596857910025,-0.2715506300615513,-0.11485610530020136,-0.39381904556314185,0.5746642714372935,0.3501282324384252,-0.6566378505817972,0.24543793807272204,0.28869906947653867,0.7835681753222608,-0.04992078670198056,-0.05746916980047409,-0.03473025675584149,0.07993431771455876,0.18086878976601659,-0.22709906869495314,-0.3164636286565949,-0.06934234299472239,1,7,train
-0.975470822560585,-0.2794429084205123,-0.7509785607330401,-0.9014047800597969,-0.9292860116219278,2.7760952899479014,-0.40085122298532766,-0.8059591588783639,0.2715337281181345,1.355792750705967,-0.8299247304863527,0.28869906947653867,-0.6187875645465583,0.6681753680829126,-0.027779063907668232,0.1620638911299696,0.07479179527882525,-0.08362479721749339,0.41392324387189383,0.4642144932255263,0.1954840732087644,1,7,train
0.5164747547126088,-1.0551510239765085,0.026482871159351544,1.0740929531610752,0.8988556880032792,1.0368395889579896,0.8204035893342786,-0.1432599123268483,0.1584343194621064,0.7085887743387389,0.11599613537579638,0.604701381440939,-0.8395840001854787,0.5934933679852836,0.17465347627055353,0.21891553385253723,0.25478008052949824,0.31311558325777156,-0.6463330705846632,0.07387543228446572,0.34083992571143007,1,7,train
-0.5872604937803151,-0.538012280272511,0.3684953831482949,-0.25127274333272465,-0.26825371085573485,0.39071878421314005,-0.6399452553396459,0.6181748280290597,0.2676998498586081,-0.1687758866332483,1.6228314795912901,0.3384072983248713,-0.37014292981804425,-0.2423705561843319,-0.17892869390740715,-0.4633041788182745,-0.2003331550329177,0.06874650832735475,0.687101528974221,-0.2845992155185491,-0.06934234299472239,1,7,train
-1.6757718078112678,1.790824446341518,-0.5200319675858671,-2.1916282042980795,0.2823317965156079,-2.1742441687618816,-2.1284228097023137,-0.827714437174247,0.8562001626959068,-3.0546367782159956,-0.026721749649019095,0.4289472865843343,1.8795937252055503,0.7888155220867745,1.2057098809116298,1.8238811399434853,1.0544423192860597,1.16984481066088,-0.09186229389182088,-0.5912941919722396,-0.11513939241337048,1,7,train
0.23863795078163144,0.45174332853845117,0.2962143883465079,0.8607291573240051,-0.26990217045864306,0.6015376570604021,0.2789259278259694,0.0006596210151474935,-0.07543225436900253,0.029909832555475257,0.6287848152905404,0.31532847778814543,0.4434223150136536,-0.09587894060821373,0.010008343592266497,-0.249017217787058,0.002796481178556063,-0.3136192206814151,-0.34610743052170956,-0.5156162107693809,-0.0653599908713617,0,7,train
0.3109516394759954,0.31132817296319354,-0.43893621732044763,0.5444487070243483,0.25925336207489297,-0.1031439456975757,0.41956947626968605,0.26506992645741884,0.19102228466808058,-0.2415617441578302,1.2062943965537472,0.27272142448957465,0.4812162994923877,-0.2538600946608902,-0.027779063907668232,-0.3364812835140851,-0.07948387779318015,-0.32224401156131216,0.2651627915884483,-0.2845992155185491,-0.17487467426378103,0,7,train
0.33188454936120604,2.184671833930655,2.8595452771708563,0.1478430629977946,-0.26990217045864306,0.15647559216062665,0.3351833472034561,-0.30056730923554137,1.8740948406001594,-0.5209020622251445,-0.2573936800961046,0.3029014205760623,2.5857444878345306,-0.15332663299100516,-0.11145118051466656,-0.5157826182544908,-0.18747684894358393,-1.213472402484009,-0.4164305534193383,2.252604680598345,-0.06336881480968135,0,7,train
-0.4730809853155299,-1.0260405648938333,0.8321515205353676,-0.617756439711692,-1.6743897521364397,-0.729744484438049,-0.5860318951028879,0.2884986876991391,-2.6748017143278853,-1.4946588047837404,-0.406749606284865,-0.21193380678166843,0.5965874100064182,0.9065832914714971,-0.23021160408589,-0.4545577722455718,-0.20290441625078448,0.9542250386634534,-0.31906007556108307,0.2770110660395075,0.35876051026655326,0,7,train
-0.47117799350778344,-1.0500138841383895,-1.1247241923910607,-0.7106324449584166,-2.3881727601956952,-0.503309398787286,-0.7337076209687903,-0.27211809915630963,-2.692054166495754,0.4213797149174157,-0.13127089798115138,-2.5837264404021107,-0.38605618644066914,0.004654521061671314,-0.19242419658595528,-0.36709370651854467,-0.15662171432918284,0.4913612614423109,-0.5110962957815309,0.6753162302650795,2.1249336769770255,0,7,train
0.3604294264774024,-0.9575453670522441,-0.17625650450419733,-0.14333576426220687,0.22958108922254514,-0.7863532558507397,-0.4524205240813571,-0.30726124101889,-2.6460476273814373,-0.2809054509278745,-0.6822283145885786,-2.166532376853605,0.3320295186552793,0.14827375201864992,-0.24910530783585735,-0.5901270741224639,-0.22861702842945206,-0.5838626682515231,-0.021539170994192097,-0.6032433468990067,-1.7001155375109305,0,7,train
1.4356197978541299,-0.5465741800027097,1.8828703718003685,1.3050278851259038,0.32684020579412965,0.047162102536120395,0.36800017517365663,0.6231952768665712,-0.4089796629477972,-0.10582595580117747,-0.33373115348147103,-2.1487794379792002,-0.5949176796126209,-0.40322409485614796,0.9196052241264097,-6.117856028070579,-5.430278472173901,0.25274204709849213,-0.24332748167132903,-1.6945994968770741,-1.3198009097299834,0,7,train
0.22721999993515293,2.234330852365807,0.6805377265608875,0.32104426197141617,0.9021526072090956,-0.8937147188748084,0.17813138477463916,0.25837599467407024,0.9117913974590393,-0.49532865282461574,-0.3951330342479614,0.6029260875534985,1.0540935379068839,0.3665749830732574,-0.17083139230027827,-0.5682610576907071,-0.18747684894358393,1.1410955077278897,-0.327174282049271,0.5159941645748507,0.34283110177311044,0,7,train
1.195842830078081,0.6760651014696554,-0.03522041708607638,1.3828429165488352,0.26749566008943404,0.2365086827785687,1.0032402023111102,0.37551980088267145,0.4248888584991895,0.635802916814157,0.8295855604998739,0.29047436336397914,0.08537404100459342,0.05635744420618362,0.6631906732339954,0.9448672793868625,0.5710452103271093,0.0888710203804479,0.05148868739949933,-0.7227348961666784,-0.16491879395537928,0,7,train
1.2167757399632915,0.47400426783696764,-0.04227222145698242,1.7267351521921128,0.8724803343567479,0.3477741990035126,1.1509159281770127,0.7805026737752643,0.3520451715681884,0.7125231450157434,1.27101529790221,0.4555766948959411,0.113222240094187,0.1827423674483248,0.8035439010908958,1.172273850277133,0.7561760180135157,-0.1526231242566699,0.6843967934781584,-0.698836586313144,0.2651752353675767,0,7,train
0.8057295094900648,1.2325885839325668,0.3297104591083116,0.15035322530176012,-1.0694050778691258,-0.8488181070647433,0.7711783473789777,-0.09974935573508213,-2.293330827505011,-0.5858191783957175,-0.17939669641975195,-2.242870014013544,1.515577979963006,0.37519213693067616,0.16115797359200543,-0.025983850183138774,0.04650792188229093,-4.646139172683041,-0.48945841181302974,0.6076043523467323,1.0496986036696354,0,7,train
1.6049860687435613,1.0151163307855213,0.38259899189010693,1.4129648641964216,-0.26660525125282664,-0.08947975949451242,1.1040347453624404,0.8440950257170763,0.5629084758421391,0.48629683108798877,-0.056592934886771175,0.34373317998719266,0.7875464894779169,-0.18779524842068004,0.8359331075194113,1.255364712717809,0.7947449362815171,0.4626119585093207,-0.11620491335638469,-0.03765001369869445,-0.061377638748000986,0,7,train
0.9522598786865392,-0.6167817577903385,1.646634925375016,0.6699568222226249,0.8724803343567479,0.06277831533962128,0.19219573961901082,0.579684720274805,0.024248580378683243,0.12040035812657708,1.2311870509185405,0.4555766948959411,-0.36815377274021616,-0.38311740252217097,0.02620294680652424,0.21891553385253723,0.09793314623962607,0.15211948683302637,0.5221126637143997,-0.42002297135524364,0.2651752353675767,0,7,train
0.7029679518717581,0.11954161900674415,1.0648610647752672,0.20306663368503625,0.23947184683999442,0.09596276754706068,0.19688385790046806,-0.4846504332776291,0.3520451715681884,-0.08812128775465755,-0.5992528000392672,0.21591202009148022,0.13510296795029622,-0.3802450179030314,-0.10605297944324732,-0.29274925065057156,-0.02548739221797826,-0.27049526628192977,0.010917654958559649,0.2531127561859731,-0.20673349125066667,0,7,train
-0.052519795803570926,-1.1013852825195813,-0.1409974826496671,-0.8235897486368654,-2.3090466992561014,0.05497020893787084,-0.5063338843181151,-0.15497429294770843,-2.6594662012897796,-2.084814406334404,0.16910046468735562,-2.5535464443156233,-0.22493446313659204,0.17699759821004565,-0.24910530783585735,-0.5463950412589503,-0.16690675920064987,1.1267208562613946,-0.6436283350886005,-0.5076501074848695,2.1986071912591982,0,7,train
0.09401057339290346,-0.09621825419426146,-1.5002327751418079,0.5544893562402105,0.21969033160509588,0.6620504816739681,0.3797204708772997,-1.1021656402915412,-0.345720671665612,0.838423006679885,-1.6331277113236864,-2.1683076707410454,0.049569213603687406,0.4383845985517467,-0.10605297944324732,-0.45018456895922043,-0.06662757170384637,-0.17274763630976306,1.168544447273372,0.4841297514368049,-1.7220184741894144,0,7,train
0.7486397552576722,-0.31540288728734656,0.008853360232086424,0.434001565649865,0.2823317965156079,1.2925550736153166,0.534428374165388,0.17637533032804936,0.23127800639310753,-0.41664123928452723,-1.424029414659422,0.4253966988094534,-0.2507935051483575,0.17699759821004565,0.05049485162791085,-0.0740890863330037,0.0002252199606893065,-0.0721250760442973,-0.16218541678944967,-0.4917179009158466,-0.11912174453673119,0,7,train
-0.7851716417859429,0.30619103312507434,-0.4548027771549862,-0.617756439711692,0.2806833369126997,-0.16170474371070404,-0.6376011961989173,0.05755804117361095,0.3386265976598461,-0.14910403324822616,1.0237482645452622,0.3934414088355253,0.22660419353038938,-0.2739667869948672,-0.07906197408615108,-0.18341916849178763,-0.04862874317877907,-0.2302462421757435,0.06501236487981256,-0.2965483704453163,-0.12111292059841154,0,7,train
1.0854693052287885,0.8695640353721446,-0.567631647089483,0.7527921782534873,-0.26990217045864306,-0.7922093356520525,0.8438441807415646,0.2500085799448844,0.4785631541325588,0.7007200329847301,-0.6689522322606888,0.31887906556302636,0.3857367597566383,0.11380513658897506,0.3878824185916138,0.4594417146018619,0.3576305292441685,0.29299107120467843,-0.18652803625401346,-0.23281954416922476,-0.0653599908713617,0,7,train
0.033114835545018005,-0.073957314895745,0.8092331563299229,0.6749771468305559,-0.26825371085573485,0.08620263454487262,0.20157197618192527,-1.9204988008059127,0.3041216933241087,0.5079358698115132,-0.9510689817283473,0.3384072983248713,-0.39600197182980973,-0.11024086370391158,-0.07906197408615108,-0.4764237886773286,-0.11291027362544799,-0.21299666041594936,-2.996748216663102,-0.13722630475508746,-0.06934234299472239,0,7,train
-0.44643910000708,0.6435298824949006,0.19043732278291714,-0.8913641308439347,-0.9276375520190197,-1.0401167139076293,-0.16175719063100938,0.16298746676135206,0.3462943541788988,-0.7451611908143968,0.1110176045028377,0.33485671054999044,0.47325967118107526,0.5906209833661441,-0.23830890569301888,-0.23152440464165258,-0.1360516245862488,-0.0031267490051207834,-0.6084667736397862,-0.5355314689806595,0.18951054502372333,0,7,train
0.28430975416754556,-0.1236163333308971,0.39670260063191903,0.2708410158921055,0.8856680111800136,0.3419181192021997,-0.28833638423035435,-0.15497429294770843,0.14693268468352727,0.9348150882664935,-0.1760776758377795,0.5372402137182019,-0.11354166677821778,0.34934067535842,-0.17892869390740715,-0.5770074642634098,-0.24661585695451935,-0.18712228777625817,-0.5083915602854683,-0.4558704361355451,0.3010164044778231,0,7,train
0.5583405744830301,-0.05683351543534774,-0.4706693369895248,0.8105259112446945,0.25925336207489297,0.5410248324468362,0.2765818686852408,0.7654413272627298,0.1565173803323432,1.5348066165096685,0.4761098685198076,0.26562024893981284,0.005807757891468944,0.8175393682781703,-0.05746916980047409,-0.021610646896787416,0.015652787267889847,-0.2561206148154347,0.08394551335225107,-0.3124805770143392,-0.18283937851050244,0,7,train
0.5050568038661304,0.5544861253008347,0.2556665132137981,0.4917352986410722,0.8856680111800136,-0.02311085507963362,0.3140868149368986,1.2858945234180867,0.3635468063467675,0.4961327577804998,0.25705451010962566,0.5372402137182019,0.4991187131928407,-0.15619901761014474,-0.04127456658621635,-0.2796296407915175,-0.07434135535744664,-0.08074986692419436,0.259753320596323,-0.4957009525581023,0.3010164044778231,0,7,train
-0.25043094380919867,0.9089487741310582,0.5800495142754764,0.10014997922244953,0.27408949850106684,0.5058883536389591,-0.7196432661244186,-0.15832125883938275,0.4114702845908472,0.15777687955811914,0.22884283516285978,0.3472837677620736,0.4931512419593564,-0.14183709451444687,-0.20322059872879375,-0.6600983267040856,-0.25690090182598635,0.29299107120467843,-0.6219904511200994,-0.11731104654380886,-0.14102468121521505,0,7,train
-0.2922967635796199,-2.022645693488954,1.0260761407352839,-0.11823414122255156,-1.295244043467551,-0.9522755168879367,0.492235309632273,0.27009037529493035,-2.6115427230457,0.7007200329847301,-0.7834584423387384,-2.4328264599696725,-1.074304535369196,0.050612674967904475,-0.2599017099786959,-0.30586886050962564,-0.10262522875398096,1.2733423012196448,-0.10809070686819675,-0.5036670558426137,0.8983692229819286,0,7,train
0.3908772954013451,0.9620325524582898,0.14636354546475436,0.5946519531036589,0.8922618495916464,-0.05239125408619779,0.2929902826703411,1.444875403272617,0.501566423689717,0.48236246041098435,0.33339198349499205,0.5567684464800469,0.4792271424145596,-0.17343332532498218,-0.04397366712192597,-0.3014956572232743,-0.08462640022891367,0.3792389800036491,0.3706474759348915,-0.5116331591271251,0.31495463690958553,0,7,train
0.7866995914126006,1.047651549760276,-0.022879759436990794,1.139357173064179,0.8988556880032792,0.09791479414749829,0.6914803365942049,1.5469578629686838,0.5169019367278226,0.5236733525195308,0.6354228564544854,0.5922743242288558,0.007796914969297056,-0.09875132522735329,0.23673278859187488,0.41133647845199695,0.2933489987974996,0.4597370282160217,0.6221878770687175,-0.7068026895976555,0.33884874964974976,0,7,train
0.09971954881614273,0.879838315048383,0.42490981811554324,-0.153376413478069,-0.26660525125282664,-0.26906620673477266,-0.7524600940946192,1.4114057443558736,0.16418513685139596,0.9603884976670223,0.18403605730623165,0.4023178782727275,0.664218750652574,0.12529467506553335,-0.2410080062287285,-0.6644715299904369,-0.2491871181723861,0.12049525360673714,0.21377281716325805,-0.13324325311283175,-0.05142175843959923,0,7,train
-0.15908733703737046,0.42434524940181556,0.23098519791562694,-1.1649718219761775,-0.26660525125282664,0.9177659663312951,-0.9376407662121794,-0.7975917441491781,0.24277964117168666,-0.6389331825352773,-0.6042313309122259,0.34373317998719266,-0.3979911289076378,0.0477402903487649,-0.054770069264764465,-0.249017217787058,0.10050440745749283,-0.23887103305564056,0.2272964946435713,-0.3562941450791521,-0.061377638748000986,0,7,train
0.11874946689360694,0.7907945578543171,-0.07047943894060663,-0.29896582710806974,-0.2715506300615513,-0.14218447770632794,-0.5438388305697729,-0.15999474178521988,0.28686924115624,0.14794095286560807,-0.4797680590882589,0.2496426039528488,1.5036430374960372,-0.33428686399679824,-0.30308731855004983,-0.725696375999356,-0.2723284691331869,0.10324567184694301,-0.2757843076240808,0.3248076857465761,-0.0812893993648045,0,7,train
-0.4007672966211659,-1.1921414196596867,0.3632065298701153,-0.8160592617249688,-2.3321251336968163,1.0954003869711177,-0.5110220025995723,0.005680069852658975,-2.6978049838850433,-1.3982667231971317,0.07616788839212696,-2.576625264852349,-0.12945492340084266,-0.3572659409499148,-0.251804408371567,-0.38895972295030146,-0.17462054285425016,0.90535122367737,-0.6598567480649764,-0.5076501074848695,2.196616015197518,0,7,train
1.4889035684710297,-0.3359514466398233,1.6783680450440934,1.182029932231593,-0.2583629532382856,-0.22807364812558284,1.336096600294573,-0.0026873448765268276,0.2197763716145284,0.36236415476234934,-0.8382222819412839,0.43782375602153656,-0.46960078370944985,-0.17630570994412176,0.8359331075194113,1.1110490042682142,0.7253208833991147,-0.07787493663089534,-0.021539170994192097,-0.6948535346708883,-0.04943058237791888,0,7,train
1.2434176252717415,-0.23320864987743964,1.7153900179913502,0.6323043876631419,-0.261659872444102,0.037401969533932336,0.9540149603558093,-0.2101992301603347,0.2370288237823971,0.3426923013773272,-0.8929861215438294,0.4289472865843343,-0.720234575515792,-0.24524294080347148,0.5390320485913527,0.5512789836152404,0.39105692507643636,-0.0979994486839885,0.09476445533650166,-1.3918875720656394,-0.047439406316238525,0,7,train
-0.41979721469863013,-1.1578938207388922,-0.8831998926875286,0.12023127765417377,0.2806833369126997,2.653117614120332,0.2109482127448397,-0.3122816898564015,0.14309880642400089,0.5335092792120419,0.2056096910890526,0.3934414088355253,-1.8480866386443315,-0.9547219417309458,-0.24640620730014773,-0.4895433985363827,-0.1000539675361142,0.3188654438443696,-0.5083915602854683,1.6710791408290095,-0.12111292059841154,0,7,train
1.1025962314985063,0.9089487741310582,-0.38428473344592573,0.765342989773315,-0.26990217045864306,-0.9932680754971265,0.8977575409783227,0.42070384042027476,0.4938986671706643,0.7085887743387389,0.25871402040061187,0.31887906556302636,0.9088850712254318,0.05922982882532319,0.42027162502012927,0.49442734089267276,0.3884856638585696,0.32461530443096764,-0.373154785482336,-0.15714156296636606,-0.0653599908713617,0,7,train
1.0359915182273816,0.23598345533744555,-0.5429503317913118,0.4942454609450377,-0.26990217045864306,0.2033242305711293,0.7946189387862639,0.05588455822777379,0.36162986721700435,0.7498996664472855,-0.7817989320477522,0.31887906556302636,0.017742700358437617,0.12242229044639379,0.25562649234184226,0.2976331930068617,0.2496375580937647,-0.22737131188244447,-0.06751967442725706,-0.18900597610441183,-0.0653599908713617,0,7,train
-0.01065397603314967,0.2188596558770483,0.14812649655748086,0.20055647138107072,0.28892563492724077,-0.14023245110589033,0.12890614281933835,0.1613139838155149,0.3807992585146362,0.20498932768217226,0.4445791729910693,0.4697790459954647,-0.029997069509437074,-0.2940734793288442,-0.24640620730014773,-0.6513519201313829,-0.22090324477585177,-0.22737131188244447,-0.42995423089965157,-0.6908704830286326,-0.08527175148816521,0,7,train
-1.3846140612260656,2.6007801608183088,1.4333178431551081,-1.2829494502625574,0.2806833369126997,-2.031746226929936,-0.6399452553396459,0.7453595319126839,1.5558829450594702,-1.2133513013779238,1.5000277180583093,0.3898908210606444,2.72299632620467,1.498294523014249,0.3312013073417117,0.7262071150692947,0.36277305167990204,1.1583450894876839,0.7682435938561004,2.1331131313306733,-0.12111292059841154,0,7,train
-0.08106467291976724,-0.21608485041704234,0.816284960700829,0.4616133509934858,-0.9276375520190197,0.3419181192021997,-0.009393346483649685,0.6616853846208258,0.26003209333955535,1.1374351781322214,0.9573678529058132,0.3472837677620736,-0.05585611152120253,0.4728532139814216,-0.24640620730014773,-0.6032466839815179,-0.1720492816363834,-0.12099889103038067,0.33819064998213977,-0.09341273669027454,0.17955466471532158,0,7,train
0.0026669666210752756,-0.08765635446406282,0.13578583890839527,0.20306663368503625,0.9021526072090956,-0.28468241953827356,0.10546555141205224,-0.5415488534360925,0.30795557158363507,0.049581685940497396,0.14088878974058977,0.6029260875534985,0.3320295186552793,-0.2222638638503549,-0.2652999110501151,-0.6600983267040856,-0.23890207330091906,-0.19574707865615523,-0.35151690151383486,-0.6948535346708883,0.34283110177311044,0,7,train
0.8856551654154144,0.09556829976218797,0.3773101386119274,1.0891539269848685,0.27738641770688327,0.47855998123283255,0.9376065463707091,0.19478364273225812,0.29645393680505594,0.3879375641628781,0.26867108214652924,0.37568846996112076,-0.043921169054233856,-0.018324555891445264,0.37438691591306567,0.5512789836152404,0.42448332090870416,-0.296369638921621,-0.5273247087579068,-0.5195992624116367,-0.12907762484513294,0,7,train
0.1701302457027603,-0.2314962699313999,0.26624421977015716,-0.23872193181289703,-0.26990217045864306,0.7342754658901597,-0.6376011961989173,-0.31060820691056434,0.2849523020264768,0.9741587950365378,-0.11799481565326157,0.313553183900705,-0.2746633900822949,0.5705142910321671,-0.24640620730014773,-0.73881598585841,-0.25690090182598635,-0.0979994486839885,-0.4975726183012177,-0.3961246615017093,-0.06735116693304204,0,7,train
-0.22188606669300234,0.08015688024783042,-1.1070946814637956,-0.24123209411686256,0.24441722564871907,0.460991741828894,-0.7079229704207756,-1.39167818992137,0.26386597159908176,0.09876131940305273,-1.1137009902449975,0.24431672229052742,-0.7719526595393229,-0.18492286380154047,-0.34897202765711344,-0.542021837972599,-0.2491871181723861,-0.30211949950821904,1.1090402663599936,1.0337908780680944,-0.20075996306562563,0,7,train
1.287186436849909,-2.4216302209162106,-0.4318844129495416,1.0289100316896955,-1.4963561150223528,2.787807449550527,0.3609679977514708,-0.11815766813929089,-2.2434904101311677,2.890197314737694,-0.8498388539781875,-2.4168488149827083,-0.8992587125203221,2.29968983175419,0.3446968100202598,0.7218339117829433,0.37820061898710255,0.8449776875180905,0.03255553892706081,0.41641787351845766,0.5937192855448348,0,7,train
-1.1733819705662127,-1.784624880989432,-2.041458760608847,-0.9591385130510041,0.28562871572142434,-1.1650464163356364,3.3215146924917063,-2.2317666287316245,-0.12335573261308222,-1.775966308189557,-0.6407405573139229,0.4484755193461793,-1.6889540724180825,-4.062642099639963,-4.988725848541956,-3.4633216332553056,-4.365776327977064,-0.1267487516169787,0.17049704922625572,2.678791206319707,-0.10518351210496873,1,7,train
-1.4835696352288794,0.20687299625477024,0.1093415725174976,-1.408457565460834,-0.26660525125282664,-0.6048147820100418,-1.2822174598992853,-1.1373087821541217,0.35779598895747794,-1.0028624701581867,-0.31049800940766387,0.39166611494808484,0.4832054565702158,0.4929599063153986,0.6550933716268665,0.9448672793868625,0.5427613369305749,-0.25324568452213564,0.2868006755569495,-0.5554467271919381,-0.05938646268632063,1,7,train
-0.5853575019725688,-0.4592428027546836,-1.7787790477925967,-0.22617112029306938,0.2823317965156079,1.69857660650634,0.1593789116488103,-1.4301682976756247,-0.017924080476106892,-0.572048881026202,-0.6805688042975924,0.4289472865843343,-0.9171611262207751,-0.067155094416818,-0.3192819217643076,-0.3539740966594906,-0.10519648997184772,-0.008876609591718827,0.7898814778246015,1.7188757605360783,-0.11513939241337048,1,7,train
-2.53592410491265,2.4706392849192893,0.2715330730483367,-1.3858661047251442,-1.6447174792840917,-2.1234914771505036,2.2244950146307163,-1.9171518349142385,1.3220163712283612,2.0128326537657064,-0.2391390668952561,0.06323674577160146,0.25246323554215483,-6.558744333672252,-5.156070081755953,-2.4050064379582774,-4.437771642077333,1.3135913253258311,0.1867254622026316,-0.6191755534680297,0.09393409406306645,1,7,train
-1.622488037194368,-0.2006734309026848,-2.034406956237941,-0.41694345539444966,1.7131947318399359,0.7420835722919101,-1.2822174598992853,2.1945957630076647,0.26003209333955535,-0.2691023388968612,2.386206213444954,0.927804868955101,-1.0524238075130867,-0.06141032517853885,0.6523942710911569,0.28014037986145623,0.46819476161243906,-0.12387382132367969,2.461408014391316,1.7467571220318683,0.8704927581184037,1,7,train
-0.6900220513986218,-0.35478762604626024,0.4354875246719023,-1.0645653298175564,0.2658472004865258,1.718096872510716,-0.7196432661244186,-0.8059591588783639,0.256198215080029,-1.1031889224218,-0.3951330342479614,0.2744967183770151,-0.4278284850750595,-0.8886570954907357,-0.01158446069341049,-0.025983850183138774,0.04650792188229093,-0.04337577311130708,0.08394551335225107,-0.20095513103117899,-0.16890114607874,1,7,train
-1.4702486925746545,-0.38732284502101505,-0.9889769582511193,-1.2603579895268675,0.27573795810397506,0.5742092846542756,-0.8345021640201206,0.1445791543571433,0.22169331074429158,-1.0461405476052357,0.2852661850563915,0.3543849433118354,-1.0981744203031332,0.11380513658897506,0.4337671276986774,0.7961783676509164,0.38334314142283604,-0.040500842818008066,-0.5381436507421574,1.252858718392159,-0.14301585727689542,1,7,train
-0.5739395511260902,0.06817022062555234,0.06703074629206131,-0.740754392606003,0.8922618495916464,1.2925550736153166,0.2531412772779547,0.08600725125284267,0.13734798903471132,0.01613953518595976,-0.016764687903101736,0.5603190342549277,0.045590899448031186,0.40678836774121147,-0.2760963131929536,-0.043476663328544204,-0.11291027362544799,-0.36249303566749846,-0.6273999221122246,-0.770531515873747,0.31495463690958553,1,7,train
-0.8841272157887567,-0.8222673513151058,0.3455770189428502,-1.3682949685973855,-0.26990217045864306,2.069461660589486,-0.24848737883796798,0.3905811473952059,0.11626165860731626,1.1492382901632348,0.2985422673842813,0.32242965333790724,-0.8117358010958852,-3.338801175616791,0.023503846270814616,0.4769345277472673,0.08764810136815904,0.24411725621859506,-0.373154785482336,-0.01773475548741585,-0.06934234299472239,1,7,train
-1.5102115205373292,0.17605015722605513,-2.0872954890197364,-1.3130713979101438,2.351148598165414,-0.7570728568441755,-0.7548041532353478,-1.5523325527217375,0.3386265976598461,-0.6782768893053216,-0.9211977964905953,1.3911565735770586,-0.6724948056479173,0.369447367692397,0.40947522287729077,0.8923888399506463,0.4064844923836369,-0.2762451268685278,1.0495360854466156,0.9780281550765143,0.8824398144884857,1,7,train
-1.5216294713838077,0.03563500165079752,-0.12336797172240198,-1.6946160681129043,-0.26660525125282664,-0.3217709249465882,-1.3220664652916716,1.2557718303930179,0.22744412813358114,-2.157600263858986,1.7340186690873673,0.41296964159737026,-0.09166093892210854,0.6021105218427024,0.6739870753768339,1.2247522897133494,0.6533255692988456,-0.28199498745512586,1.336238048029256,-0.5673958821187053,-0.055404110562959935,1,7,train
-0.44643910000708,0.371261471074584,-1.4156111226909351,-0.31151663862789736,-0.26660525125282664,-0.19488919591814344,-0.38209874985949877,-0.08970845806005917,0.2830353628967136,-0.25533204152734573,-0.00514811586619815,0.3384072983248713,-0.28262001839360734,-0.25960486389916937,-0.3084855196214691,-0.5945002774088153,-0.23633081208305232,-0.2446208936422386,-0.6273999221122246,0.8147230377440298,-0.06735116693304204,1,7,train
-0.35319250142750536,0.35413767161418674,-1.401507513949123,0.019824785495552576,-0.26825371085573485,-1.061589006512443,0.03983189547165114,-0.00938127665987547,0.28686924115624,-0.322216343036421,0.039658661990429965,0.3384072983248713,-0.10757419554473344,0.40678836774121147,-0.27879541372866323,-0.5813806675497611,-0.17462054285425016,-0.23312117246904251,-0.6409235995925379,0.6155704556312437,-0.06934234299472239,1,7,train
-0.505431846047219,-0.002037357162076472,-1.1829015784510357,-0.3642300470111735,0.897207228400371,0.3848627044118272,-0.32584133048201214,-0.15999474178521988,0.28111842376695045,-0.035007283615097785,-0.04165734226789514,0.5798472670167727,-0.630722507013527,-0.27971155623314636,-0.294990016942921,-0.5245290248271935,-0.20290441625078448,-0.25324568452213564,-0.5624862702067212,0.9620959485074914,0.33088404540302835,1,7,train
-0.3665134440817303,0.15721397781961813,-1.6941573953417242,0.24322923054848472,-0.26825371085573485,-0.8488181070647433,0.14297049766371,-0.11481070224761657,0.32520802375150376,-0.3615600498064652,-0.0034886055752119233,0.3313061227751095,-0.6884080622705422,0.24880721368853498,-0.24910530783585735,-0.5726342609770585,-0.06405631048597961,-0.29349470862832194,-0.6273999221122246,1.3325197512372735,-0.06934234299472239,1,7,train
-1.1867029132204376,1.5236931747593203,-1.1423537033183258,-0.7206730941742787,0.24771414485453547,-0.8078255484555534,-1.1040689652039108,-0.0629327309266646,0.6376691019029034,-0.13730092121721288,0.8893279309753779,0.2620696611649319,0.6383597086408086,0.13678421354209164,0.34739591055596947,0.22766194042523996,0.2496375580937647,0.9226008054371642,-0.12702385534063526,-0.02171780712967157,-0.19279525881890422,1,7,train
-2.3798787766774434,-1.1698804803611704,-0.3349221028495834,-2.4953578430779086,0.2823317965156079,2.1416866448056777,-2.482375739952334,2.728436822729719,0.029999397767972804,-0.6035238464422374,1.402116610890122,0.4271719926968939,-1.3110142276307413,-0.960466710969225,1.483717236089721,2.335545924446594,1.548124473116477,0.3821139102969481,-0.5895336251673476,0.7031975917608696,-0.11713056847505084,1,7,train
-1.0630084457169204,-0.036284956082871016,-0.23619684165689875,-2.020937167628423,-1.6826320501509806,0.04325804933524517,-1.795566411718851,-0.37754752474405073,0.18335452814902783,-1.6559680025409218,0.5972541197618021,-0.2492149784179179,-0.14735733710129567,0.4240226754560489,0.7576591919838322,1.159154240418079,0.7510334955777823,-0.2848699177484249,-0.3163553400650205,-0.5116331591271251,0.3906193272534389,1,7,train
-1.4740546761901472,-0.09108111435614227,-0.21856733072963364,-1.2754189633506607,2.33631246173924,-0.9542275434883742,-0.6563536693247461,1.789612890115072,0.2370288237823971,-0.7923736389384499,2.2351907769652075,1.337897756953845,-0.0837043106107961,0.5733866756513066,0.37438691591306567,0.8311639939417272,0.3884856638585696,-0.2043718695360523,2.0259455995252305,-0.5434975722651709,0.8366427650698377,1,7,train
-0.8498733632493212,0.3404386320458689,-1.8175639718325802,-1.0645653298175564,0.2724410388981587,0.42780728962145465,-0.8180937500350203,-0.7172645627489944,0.27920148463718725,-0.8120454923234721,0.05459425460930601,0.34195788609975225,0.12316802548332756,0.05635744420618362,0.08558315859213596,0.12270506155280737,0.13393080328976065,-0.2561206148154347,-0.20816592022251462,-0.005785600560648688,-0.14500703333857576,1,7,train
-1.9650265625887238,-2.8856851862929767,-0.25558930367689037,-1.1875632827118672,-1.6480143984899083,-1.674525359049853,2.7120593159022675,-0.827714437174247,3.0395938314961777,-2.639560671792028,2.0426875832108053,0.04193321912231605,-3.8253087740054745,-0.5296090180982892,-5.269432304255758,-2.986642475043008,-4.450627948166667,-7.437696487476391,-2.907491945293035,-3.0607862101707863,0.11384585467986998,1,7,train
-0.7528207810542538,0.9157982939152172,-0.8038670935148355,-0.4545958899539326,-0.9276375520190197,-0.9171390380800597,-0.8532546371459495,0.6616853846208258,0.5034833628194803,-1.0540092889592445,1.7356781793783536,0.3455084738746331,0.3817584456009821,0.7342402143231227,-0.054770069264764465,-0.2271512013553012,-0.04605748196091231,0.33324009531086474,0.7844720068324762,0.006163554366118473,0.18154584077700195,1,7,train
-0.78136565817045,0.3661243312364648,-1.4861291663999956,-1.1122584135929012,-0.9276375520190197,-0.292490525940024,-1.2939377556029283,-0.11481070224761657,0.3194572063622142,-1.4120370205666473,0.22220479399891488,0.35083435553695447,-0.08967178184428043,0.5963657526044233,0.2772192966275192,0.19704951742078045,0.25735134174736496,-0.21012173012265034,-0.6544472770728511,0.6593840236960566,0.17557231259196088,1,7,train
-0.78136565817045,0.6520917822250992,-0.8320743109984597,-0.7005917957425545,-0.9276375520190197,-1.377817315783336,-0.8720071102717784,0.4190303574744376,0.4133872237206104,-1.2605637495019768,1.556451067951841,0.3455084738746331,0.3161162620326544,1.2311627534342686,0.007309243056556875,-0.10907471262381456,0.010510264832156333,0.07162143862065377,0.5275221347065249,0.03404491586190852,0.18154584077700195,1,7,train
-2.309468079790826,-0.4523932829705247,0.3508658722210297,-1.6996363927208356,-0.9259890924161114,-1.5847321354297228,2.7776929718426686,-2.489483002390547,0.29453699767529273,-1.8290803123291166,-2.275358193935356,0.36681200052391855,0.12515718256115566,-3.2468848678043245,-5.53124505621959,-2.1251214276317905,-4.774606861617878,0.005498041874776281,2.3315807105803095,-0.6151925018257739,0.16760760834523947,1,7,train
-0.9355079945979101,-0.04655923575910938,0.3261845569228586,-1.6042502251701454,0.28562871572142434,-0.10900002549888854,-1.9619946107105823,-1.2695139348752573,0.3041216933241087,-1.0618780303132533,-0.6872068454615372,0.4413743437964175,0.07741741269328098,0.29189298297562855,0.644296969484028,0.9186280596687544,0.6764669202596464,-0.24174596334893958,0.6979204709584715,-0.6231586051102854,-0.10518351210496873,1,7,train
-1.011627666907767,-0.19896105095664507,-1.4790773620290896,-0.8863438062360036,-0.261659872444102,0.4239032364205794,-0.40553934126678487,-0.9699604875704056,0.24277964117168666,-0.819914233677481,-0.8514983642691738,0.4289472865843343,0.38971507391229454,0.06210221344446276,0.007309243056556875,0.1839299075617264,0.07479179527882525,-0.12962368191027773,0.5626836961553393,0.026078812577397074,-0.047439406316238525,1,7,train
